<?xml version="1.0" encoding="UTF-8"?>
<beans xsi:schemaLocation="http://www.springframework.org/schema/beans http://www.springframework.org/schema/beans/spring-beans.xsd http://www.springframework.org/schema/context http://www.springframework.org/schema/context/spring-context.xsd http://www.springframework.org/schema/mvc http://www.springframework.org/schema/mvc/spring-mvc.xsd" xmlns:mvc="http://www.springframework.org/schema/mvc" xmlns:context="http://www.springframework.org/schema/context" xmlns:xsi="http://www.w3.org/2001/XMLSchema-instance" xmlns="http://www.springframework.org/schema/beans">
<mvc:annotation-driven/>
<context:component-scan base-package="com.pack"/>
<!-- <mvc:resources mapping="/resources/*" location="/resources/"/> -->
<bean class="org.springframework.web.servlet.view.InternalResourceViewResolver" id="viewResolver">
<property name="prefix">
<value>/WEB-INF/views/</value>
</property>
<property name="suffix">
<value>.jsp</value>
</property>
</bean>
<bean class="org.springframework.jdbc.datasource.DriverManagerDataSource" id="dataSource">
<property name="driverClassName" value="com.mysql.cj.jdbc.Driver"/>
<property name="url" value="jdbc:mysql://localhost:3306/example"/>
<property name="username" value="root"/>
<property name="password" value="jayasri"/>
</bean>
<bean class="org.springframework.orm.hibernate5.LocalSessionFactoryBean" id="sessionFactory">
<property name="dataSource" ref="dataSource"/>
<property name="packagesToScan" value="com.pack.model"/>
<property name="hibernateProperties">
<value>org.hibernate.dialect.MySQLDialect</value>
</property>
</bean>
<bean class="com.pack.dao.UseDAO" name="userDao"/>
<bean class="com.pack.service.UserService" name="userService"/>
</beans>
